Id,Name,Age,Gender
1,Shauna Decker,46,F
2,Corina Hardin,38,F
3,Emma Holland,29,F
4,Geoffrey Nunez,49,M
5,Fern Williamson,37,M
6,Damien Roberson,54,M
7,Tia Ferguson,20,F
8,Sebastian Coleman,19,M
9,Lupe Manning,46,M
10,Leila Melton,37,F
11,Yesenia Harding,41,F
12,Burl Ingram,38,M
13,Jean Collins,51,M
14,Dwain Johnson,51,M
15,Candy Fletcher,52,F
16,Lewis Tyler,36,M
17,Joanna Villarreal,29,F
18,Vera Galvan,25,F
19,Keisha Hogan,23,F
20,Merle Olson,23,M
21,Fausto Hodges,44,M
22,Zane Mcdowell,18,F
23,Ruben Kramer,50,M
24,Sofia Johnson,46,F
25,Rob Bowers,41,M
26,Edwardo Hooper,33,M
27,Manuela Cantu,37,F
28,Colton Lane,23,F
29,Korey Ware,52,M
30,Leslie Gilbert,27,F
31,Cliff Roberson,53,M
32,Felecia Ashley,24,F
33,Hiram Flores,45,M
34,Cyrus Shields,30,M
35,Mia Hoover,46,F
36,Gloria Skinner,41,F
37,Deloris Blackwell,36,M
38,Isabel Riggs,44,M
39,Denny Larsen,39,M
40,Ivory Mcneil,24,F
41,Williams Buck,24,M
42,Cherie Bradley,47,M
43,Wilson Marshall,45,M
44,Lynn Orr,38,M
45,Jessica Lucero,32,F
46,Katharine Mccarthy,45,F
47,Foster Frazier,33,M
48,Jeanne Dickerson,34,F
49,George Johns,23,M
50,Marta Alexander,54,F
51,Patty Carter,55,M
52,Vonda Wheeler,55,F
53,Marie Lee,24,M
54,Fausto Mckenzie,37,M
55,Rob Hayes,31,M
56,Letha Munoz,22,F
57,Diann Lara,47,M
58,Korey Dominguez,39,M
59,Jonathan Hall,22,M
60,Ulysses Peterson,23,M
61,Christina Parsons,26,F
62,Percy Lin,32,M
63,Marissa Cervantes,20,F
64,Loyd Hatfield,20,M
65,Delmer Hodge,26,M
66,Mauro Rodgers,52,M
67,Jami Hobbs,29,F
68,Hallie Adkins,25,F
69,Marco Ho,41,M
70,Kate Charles,48,M
71,Kay Lee,48,M
72,Leonard Bautista,44,M
73,Hai Houston,22,M
74,Jonas Owens,21,M
75,Stuart Gray,27,M
76,Cliff Summers,38,M
77,Quentin Stephenson,40,F
78,Lincoln Elliott,41,F
79,Janice Mason,32,M
80,Estelle Lyons,27,M
81,Bonita Nicholson,20,F
82,Augusta Calderon,34,F
83,Ladonna Anderson,39,F
84,Clay Greene,19,M
85,Betty Griffin,34,M
86,Harlan Faulkner,41,M
87,Christina Moses,19,F
88,Roosevelt Cochran,47,F
89,Dwight Blake,29,M
90,Ora Mack,26,F
91,Diane Dean,37,F
92,Markus Mcconnell,31,M
93,Tammi Morton,36,F
94,Ronda Munoz,37,F
95,Freddy Ballard,37,M
96,Ulysses Hebert,44,M
97,Colleen Boone,37,M
98,Sue Cook,47,M
99,Antonia Miller,29,M
100,Marty Brady,22,M
